<?xml version="1.0" encoding="utf-8"?>
<odoo>
    <data noupdate="0">
     <record forcecreate="True" id="ir_cron_customer_time" model="ir.cron">
            <field name="name">Sale : Customer Expiration Notification</field>
            <field name="model_id" ref="sale.model_sale_order"/>
            <field name="state">code</field>
            <field name="code">model.customer_timer_notification()</field>
            <field name="user_id" ref="base.user_root" />
            <field name="interval_number">1</field>
            <field name="interval_type">days</field>
            <field name="numbercall">-1</field>
            <field eval="False" name="doall" />
        </record>
    </data>
</odoo>
