id,name,model_id:id,group_id:id,perm_read,perm_write,perm_create,perm_unlink
access_hr_perdiem,hr_perdiem,model_hr_temporary_service,,1,1,1,0
access_temporary_service_line,temporary_service_line,model_temporary_service_line,,1,1,1,1
access_hr_service_partner,hr_service_partner,model_hr_service_partner,,1,1,1,1
access_account_move_line,account.move.line,model_account_move_line,,1,1,1,1
h1,hr_temporary_service_model_hr_labor,hr_temporary_service.model_hr_labor,hr.group_hr_user,1,1,1,1
access_hr_service_refuse,hr.service.refuse,model_hr_service_refuse,hr.group_hr_user,1,1,1,1
