<?xml version="1.0" encoding="utf-8"?>
<!-- RTL have problem with ODOO v11  so we gonna use additional styles + IF-->
<odoo>

    <data>
        <record id="employee_contract_template_id" model="mail.template">
            <field name="name">hr contract : Employee Contract Template</field>
            <field name="model_id" ref="zaway_hr_contract.model_hr_contract"/>
            <field name="body_html" type="html">
                <div class="page">
                    <html>
                        <body>
                            <font style="font-family:'serif';">
                                <div style="margin: 0px; padding: 3px;" class="text-right" dir="rtl">
                                    <center>
                                        <table width='800'>
                                            <tbody>
                                                <tr>
                                                    <td>
                                                        <span style="font-weidght: bold;">التاريخ : </span>
                                                        <span style="font-weidght: bold;" t-esc="object.date_start"/>
                                                    </td>
                                                    <td>
                                                        <span style="font-weidght: bold;">الرقم المتسلسل : </span>
                                                        <span style="font-weidght: bold;" t-esc="object.sequence"/>
                                                    </td>
                                                </tr>
                                                <tr>
                                                    <td>
                                                        <span style="font-weidght: bold;">إسم العقد : </span>
                                                        <span style="font-weidght: bold;" t-esc="object.name"/>
                                                    </td>
                                                    <td>
                                                        
                                                    </td>
                                                </tr>
                                                <tr style="height:20px;">
                                                    <td colspan="2">
                                                        <span style="font-weidght: bold;"> </span>
                                                    </td>
                                                </tr>
                                                <tr>
                                                    <td colspan="2">
                                                        <span style="font-weidght: bold;">بيانات الموظف </span>
                                                    </td>
                                                </tr>
                                                <tr>
                                                    <td>
                                                        <span style="font-weidght: bold;">إسم العامل : </span>
                                                        <span style="font-weidght: bold;" t-esc="object.employee_id.name"/>
                                                    </td>
                                                    <td>
                                                        <span style="font-weidght: bold;">إسم الوظيفة : </span>
                                                        <span style="font-weidght: bold;" t-esc="object.job_id.name"/>
                                                    </td>
                                                </tr>
                                                <tr>
                                                    <td>
                                                        <span style="font-weidght: bold;">مكان السكن : </span>
                                                        <span style="font-weidght: bold;" t-esc="object.employee_id.home_address"/>
                                                    </td>
                                                    <td>
                                                        <span style="font-weidght: bold;">القسم : </span>
                                                        <span style="font-weidght: bold;" t-esc="object.department_id.name"/>
                                                    </td>
                                                </tr>
                                                <tr>
                                                    <td>
                                                        <span style="font-weidght: bold;">الحالة الإجتماعية : </span>
                                                        <span style="font-weidght: bold;" t-esc="object.employee_id.marital"/>
                                                    </td>
                                                    <td>
                                                        <span style="font-weidght: bold;">مكان الوظيفة : </span>
                                                        <span style="font-weidght: bold;" t-esc="object.job_id.work_location"/>
                                                    </td>
                                                </tr>
                                                <tr>
                                                    <td colspan="2">
                                                        <span style="font-weidght: bold;">رقم الهاتف : </span>
                                                        <span style="font-weidght: bold;" t-esc="object.employee_id.phone"/>
                                                    </td>
                                                </tr>
                                                <tr style="height:20px;">
                                                    <td colspan="2">
                                                        <span style="font-weidght: bold;"> </span>
                                                    </td>
                                                </tr>
                                                <tr>
                                                    <td>
                                                        <span style="font-weidght: bold;">تاريخ العقد من : </span>
                                                        <span style="font-weidght: bold;" t-esc="object.date_start"/>
                                                    </td>
                                                    <td>
                                                        <span style="font-weidght: bold;">إلى : </span>
                                                        <span style="font-weidght: bold;" t-esc="object.date_end"/>
                                                    </td>
                                                </tr>
                                                <tr>
                                                    <td>
                                                        <span style="font-weidght: bold;">تاريخ الفترة التجريبية من : </span>
                                                        <span style="font-weidght: bold;" t-esc="object.date_start"/>
                                                    </td>
                                                    <td>
                                                        <span style="font-weidght: bold;">إلى : </span>
                                                        <span style="font-weidght: bold;" t-esc="object.date_end"/>
                                                    </td>
                                                </tr>
                                                <tr>
                                                    <td>
                                                        <span style="font-weidght: bold;">ساعات العمل : </span>
                                                        <span style="font-weidght: bold;" t-esc="object.resource_calendar_id.full_time_required_hours"/>
                                                    </td>
                                                    <td>
                                                        <span style="font-weidght: bold;">أيام الإجازة السنوية : </span>
                                                        <span style="font-weidght: bold;" t-esc="object.employee_id.remaining_leaves"/>
                                                    </td>
                                                </tr>
                                                <tr>
                                                    <td>
                                                        <span style="font-weidght: bold;">الأجر الشهري : </span>
                                                        <span style="font-weidght: bold;" t-esc="object.wage"/>
                                                    </td>
                                                    <td>
                                                        <span style="font-weidght: bold;">بالحروف : </span>
                                                        <span style="font-weidght: bold;" t-esc="object.wage_in_words"/>
                                                    </td>
                                                </tr>
                                            </tbody>
                                        </table>
                                        <br/><br/>
                                        <table width='500'>
                                            <tbody>
                                                <tr>
                                                    <td colspan="2" style="border: 1px solid black;width:15%" class="text-right">
                                                        <span style="font-weight: bold;">تفاصيل الأجر الشهري</span>
                                                    </td>
                                                </tr>
                                                <tr>
                                                    <td style="border: 1px solid black;width:15%" class="text-right">
                                                        <span style="font-weight: bold;">البيان</span>
                                                    </td>
                                                    <td style="border: 1px solid black;width:15%" class="text-right">
                                                        <span style="font-weight: bold;">المبلغ بالجنيه</span>
                                                    </td>
                                                </tr>
                                                <tr>
                                                    <td style="border: 1px solid black;width:15%" class="text-right">
                                                        <span style="font-weight: bold;">الأجر الأبتدائي</span>
                                                    </td>
                                                    <td style="border: 1px solid black;width:15%" class="text-right">
                                                        <span style="font-weight: bold;"/>
                                                    </td>
                                                </tr>
                                                <tr>
                                                    <td style="border: 1px solid black;width:15%" class="text-right">
                                                        <span style="font-weight: bold;">غلاء المعيشة</span>
                                                    </td>
                                                    <td style="border: 1px solid black;width:15%" class="text-right">
                                                        <span style="font-weight: bold;"/>
                                                    </td>
                                                </tr>
                                                <tr>
                                                    <td style="border: 1px solid black;width:15%" class="text-right">
                                                        <span style="font-weight: bold;">بدل ترحيل</span>
                                                    </td>
                                                    <td style="border: 1px solid black;width:15%" class="text-right">
                                                        <span style="font-weight: bold;"/>
                                                    </td>
                                                </tr>
                                                <tr>
                                                    <td style="border: 1px solid black;width:15%" class="text-right">
                                                        <span style="font-weight: bold;">بدل سكن</span>
                                                    </td>
                                                    <td style="border: 1px solid black;width:15%" class="text-right">
                                                        <span style="font-weight: bold;"/>
                                                    </td>
                                                </tr>
                                                <tr>
                                                    <td style="border: 1px solid black;width:15%" class="text-right">
                                                        <span style="font-weight: bold;">الحافز</span>
                                                    </td>
                                                    <td style="border: 1px solid black;width:15%" class="text-right">
                                                        <span style="font-weight: bold;"/>
                                                    </td>
                                                </tr>
                                            </tbody>
                                        </table>
                                        <br/>
                                        <table width='500'>
                                            <tbody>
                                                <tr>
                                                    <td colspan="2" style="border: 1px solid black;width:15%">
                                                        <span style="font-weight: bold;">مخصصات إضافية</span>
                                                    </td>
                                                </tr>
                                                <tr>
                                                    <td style="border: 1px solid black;width:15%" class="text-right">
                                                        <span style="font-weight: bold;">البيان</span>
                                                    </td>
                                                    <td style="border: 1px solid black;width:15%" class="text-right">
                                                       
                                                    </td>
                                                </tr>
                                                <tr>
                                                    <td style="border: 1px solid black;width:15%" class="text-right">
                                                        <span style="font-weight: bold;">بدل ترحيل</span>
                                                    </td>
                                                    <td style="border: 1px solid black;width:15%" class="text-right">
                                                        <span style="font-weight: bold;"/>
                                                    </td>
                                                </tr>
                                                <tr>
                                                    <td style="border: 1px solid black;width:15%" class="text-right">
                                                        <span style="font-weight: bold;">بدل وقود</span>
                                                    </td>
                                                    <td style="border: 1px solid black;width:15%" class="text-right">
                                                        <span style="font-weight: bold;"/>
                                                    </td>
                                                </tr>
                                                <tr>
                                                    <td style="border: 1px solid black;width:15%" class="text-right">
                                                        <span style="font-weight: bold;">عربة</span>
                                                    </td>
                                                    <td style="border: 1px solid black;width:15%" class="text-right">
                                                        <span style="font-weight: bold;"/>
                                                    </td>
                                                </tr>
                                                <tr style="height:20px;">
                                                    <td style="border: 1px solid black;width:15%" class="text-right">
                                                        <span style="font-weight: bold;"></span>
                                                    </td>
                                                    <td style="border: 1px solid black;width:15%" class="text-right">
                                                        <span style="font-weight: bold;"/>
                                                    </td>
                                                </tr>
                                                <tr style="height:20px;">
                                                    <td style="border: 1px solid black;width:15%" class="text-right">
                                                        <span style="font-weight: bold;"></span>
                                                    </td>
                                                    <td style="border: 1px solid black;width:15%" class="text-right">
                                                        <span style="font-weight: bold;"/>
                                                    </td>
                                                </tr>
                                            </tbody>
                                        </table>
                                        <br/><br/>
                                        <table width='800'>
                                            <tbody>
                                                <tr>
                                                    <td style="width:20%;" class="text-center">
                                                        <span style="font-weight: bold;"></span>
                                                    </td>
                                                    <td style="width:40%" class="text-center">
                                                        <span style="font-weight: bold;">الطرف الأول :</span>
                                                    </td>
                                                    <td style="width:40%" class="text-center">
                                                        <span style="font-weight: bold;">الطرف الثاني</span>
                                                    </td>
                                                </tr>
                                                <tr>
                                                    <td style="width:20%" class="text-center">
                                                        <span style="font-weight: bold;">الأسم</span>
                                                    </td>
                                                    <td style="width:40%" class="text-center">
                                                        <span style="font-weight: bold;">......................................</span>
                                                    </td>
                                                    <td style="width:40%" class="text-center">
                                                        <span style="font-weight: bold;">......................................</span>
                                                    </td>
                                                </tr>
                                                <tr>
                                                    <td style="width:20%" class="text-center">
                                                        <span style="font-weight: bold;">التوقيع</span>
                                                    </td>
                                                    <td style="width:40%" class="text-center">
                                                        <span style="font-weight: bold;">......................................</span>
                                                    </td>
                                                    <td style="width:40%" class="text-center">
                                                        <span style="font-weight: bold;">......................................</span>
                                                    </td>
                                                </tr>
                                                <tr style="height:30px;">
                                                    <td colspan="3" style="width:20%" class="text-center">
                                                        <span style="font-weight: bold;"></span>
                                                    </td>
                                                </tr>
                                                <tr>
                                                    <td colspan="3" style="width:20%" class="text-right">
                                                        <strong><span style="font-weight: bold;">الشهود</span></strong>
                                                    </td>
                                                </tr>
                                                <tr>
                                                    <td style="width:20%" class="text-center">
                                                        <span style="font-weight: bold;"></span>
                                                    </td>
                                                    <td style="width:40%" class="text-center">
                                                        <span style="font-weight: bold;">الشاهد الأول :</span>
                                                    </td>
                                                    <td style="width:40%" class="text-center">
                                                        <span style="font-weight: bold;">الشاهد الثاني</span>
                                                    </td>
                                                </tr>
                                                <tr>
                                                    <td style="width:20%" class="text-center">
                                                        <span style="font-weight: bold;">الأسم</span>
                                                    </td>
                                                    <td style="width:40%" class="text-center">
                                                        <span style="font-weight: bold;">......................................</span>
                                                    </td>
                                                    <td style="width:40%" class="text-center">
                                                        <span style="font-weight: bold;">......................................</span>
                                                    </td>
                                                </tr>
                                                <tr>
                                                    <td style="width:20%" class="text-center">
                                                        <span style="font-weight: bold;">التوقيع</span>
                                                    </td>
                                                    <td style="width:40%" class="text-center">
                                                        <span style="font-weight: bold;">......................................</span>
                                                    </td>
                                                    <td style="width:40%" class="text-center">
                                                        <span style="font-weight: bold;">......................................</span>
                                                    </td>
                                                </tr>
                                                <tr style="height:50px;">
                                                    <td colspan="3" style="width:20%" class="text-center">
                                                        <span style="font-weight: bold;"></span>
                                                    </td>
                                                </tr>
                                                <tr>
                                                    <td colspan="3" style="width:20%" class="text-right">
                                                        <ul>
                                                            <li>
                                                                <span style="font-weight: bold;">بعد تعيين الموظف يتم انشاء عهدة وإستلامها والتوقيع على العهدة المستلمة.</span>
                                                            </li>
                                                            <li>
                                                                <span style="font-weight: bold;">هنالك بعض المرفقات يتم استلامها عند توقيع العقد كشيك الضمان بالنسبة للمناديب.</span>
                                                            </li>
                                                        </ul>
                                                    </td>
                                                </tr>
                                                
                                            </tbody>
                                        </table>
                                    </center>
                                </div>
                            </font>
                        </body>
                    </html>
                </div>
            </field>
        </record>
    </data>
</odoo>
