<odoo>
	<data noupdate="1">
		<record id="structure_employee_contrect_details" model="hr.payroll.structure">
            <field name="name">Almoshraf Contract Details</field>
            <field name="type_id" ref="hr_contract.structure_type_employee"/>
            <field name="country_id" eval="False"/>
            <!-- <field name="company_id" ref="base.main_company"/> -->
        </record>
        <record id="structure_alwatania_contrect_details" model="hr.payroll.structure">
            <field name="name">Alwatania Contract Details</field>
            <field name="type_id" ref="hr_contract.structure_type_employee"/>
            <field name="country_id" eval="False"/>
            <!-- <field name="company_id" ref="base_custom.alwatania_company"/> -->
        </record>
        <record id="structure_aldowlia_contrect_details" model="hr.payroll.structure">
            <field name="name">Aldowlia Contract Details</field>
            <field name="type_id" ref="hr_contract.structure_type_employee"/>
            <field name="country_id" eval="False"/>
            <!-- <field name="company_id" ref="base_custom.aldowlia_company"/> -->
        </record>
        <record id="structure_ajwaa_contrect_details" model="hr.payroll.structure">
            <field name="name">Ajwaa Contract Details</field>
            <field name="type_id" ref="hr_contract.structure_type_employee"/>
            <field name="country_id" eval="False"/>
            <!-- <field name="company_id" ref="base_custom.ajwaa_company"/> -->
        </record>

        <!-- Almoshraf Salary Structure Rules -->
        <record id="hr_salary_basic" model="hr.salary.rule">
            <field name="name">Basic Salary</field>
            <field name="code">BASIC</field>
            <field name="category_id" ref="hr_payroll.BASIC"/>
            <field name="amount_select">code</field>
            <field name="struct_id" ref="structure_employee_contrect_details"/>
            <field name="sequence" eval="1"/>
            <field name="amount_python_compute">result = contract.wage * 0.5544</field>
            <!-- <field name="company_id" ref="base.main_company"/> -->
        </record>
        <record id="hr_salary_cola" model="hr.salary.rule">
            <field name="name">Cost Of Living</field>
            <field name="code">COLA</field>
            <field name="category_id" ref="hr_payroll.ALW"/>
            <field name="amount_select">code</field>
            <field name="struct_id" ref="structure_employee_contrect_details"/>
            <field name="sequence" eval="5"/>
            <field name="amount_python_compute">result = contract.wage * 0.1056</field>
            <!-- <field name="company_id" ref="base.main_company"/> -->
        </record>
        <record id="hr_salary_hos" model="hr.salary.rule">
            <field name="name">Housing</field>
            <field name="code">HOS</field>
            <field name="category_id" ref="hr_payroll.ALW"/>
            <field name="amount_select">code</field>
            <field name="struct_id" ref="structure_employee_contrect_details"/>
            <field name="sequence" eval="5"/>
            <field name="amount_python_compute">result = contract.wage * 0.20</field>
            <!-- <field name="company_id" ref="base.main_company"/> -->
        </record>
        <record id="hr_salary_trans" model="hr.salary.rule">
            <field name="name">Transportation</field>
            <field name="code">TRANS</field>
            <field name="category_id" ref="hr_payroll.ALW"/>
            <field name="amount_select">code</field>
            <field name="struct_id" ref="structure_employee_contrect_details"/>
            <field name="sequence" eval="5"/>
            <field name="amount_python_compute">result = contract.wage * 0.14</field>
            <!-- <field name="company_id" ref="base.main_company"/> -->
        </record>
        <record id="hr_salary_bouns" model="hr.salary.rule">
            <field name="name">Bouns</field>
            <field name="code">BOUNS</field>
            <field name="category_id" ref="hr_payroll.ALW"/>
            <field name="amount_select">code</field>
            <field name="struct_id" ref="structure_employee_contrect_details"/>
            <field name="sequence" eval="150"/>
            <field name="amount_python_compute">result = contract.bouns</field>
            <!-- <field name="company_id" ref="base.main_company"/> -->
        </record>

        <!-- Alwatania Salary Structure Rules -->
        <record id="hr_salary_basic2" model="hr.salary.rule">
            <field name="name">Basic Salary</field>
            <field name="code">BASIC</field>
            <field name="category_id" ref="hr_payroll.BASIC"/>
            <field name="amount_select">code</field>
            <field name="struct_id" ref="structure_alwatania_contrect_details"/>
            <field name="sequence" eval="1"/>
            <field name="amount_python_compute">result = contract.wage * 0.5416</field>
            <!-- <field name="company_id" ref="base_custom.alwatania_company"/> -->
        </record>
        <record id="hr_salary_cola2" model="hr.salary.rule">
            <field name="name">Cost Of Living</field>
            <field name="code">COLA</field>
            <field name="category_id" ref="hr_payroll.ALW"/>
            <field name="amount_select">code</field>
            <field name="struct_id" ref="structure_alwatania_contrect_details"/>
            <field name="sequence" eval="5"/>
            <field name="amount_python_compute">result = contract.wage * 0.1344</field>
            <!-- <field name="company_id" ref="base_custom.alwatania_company"/> -->
        </record>
        <record id="hr_salary_hos2" model="hr.salary.rule">
            <field name="name">Housing</field>
            <field name="code">HOS</field>
            <field name="category_id" ref="hr_payroll.ALW"/>
            <field name="amount_select">code</field>
            <field name="struct_id" ref="structure_alwatania_contrect_details"/>
            <field name="sequence" eval="5"/>
            <field name="amount_python_compute">result = contract.wage * 0.144</field>
            <!-- <field name="company_id" ref="base_custom.alwatania_company"/> -->
        </record>
        <record id="hr_salary_trans2" model="hr.salary.rule">
            <field name="name">Transportation</field>
            <field name="code">TRANS</field>
            <field name="category_id" ref="hr_payroll.ALW"/>
            <field name="amount_select">code</field>
            <field name="struct_id" ref="structure_alwatania_contrect_details"/>
            <field name="sequence" eval="5"/>
            <field name="amount_python_compute">result = contract.wage * 0.18</field>
            <!-- <field name="company_id" ref="base_custom.alwatania_company"/> -->
        </record>
        <record id="hr_salary_bouns2" model="hr.salary.rule">
            <field name="name">Bouns</field>
            <field name="code">BOUNS</field>
            <field name="category_id" ref="hr_payroll.ALW"/>
            <field name="amount_select">code</field>
            <field name="struct_id" ref="structure_alwatania_contrect_details"/>
            <field name="sequence" eval="150"/>
            <field name="amount_python_compute">result = contract.bouns</field>
            <!-- <field name="company_id" ref="base_custom.alwatania_company"/> -->
        </record>

        <!-- Aldowlia Salary Structure Rules -->
        <record id="hr_salary_basic3" model="hr.salary.rule">
            <field name="name">Basic Salary</field>
            <field name="code">BASIC</field>
            <field name="category_id" ref="hr_payroll.BASIC"/>
            <field name="amount_select">code</field>
            <field name="struct_id" ref="structure_aldowlia_contrect_details"/>
            <field name="sequence" eval="1"/>
            <field name="amount_python_compute">result = contract.wage * 0.5416</field>
            <!-- <field name="company_id" ref="base_custom.aldowlia_company"/> -->
        </record>
        <record id="hr_salary_cola3" model="hr.salary.rule">
            <field name="name">Cost Of Living</field>
            <field name="code">COLA</field>
            <field name="category_id" ref="hr_payroll.ALW"/>
            <field name="amount_select">code</field>
            <field name="struct_id" ref="structure_aldowlia_contrect_details"/>
            <field name="sequence" eval="5"/>
            <field name="amount_python_compute">result = contract.wage * 0.1344</field>
            <!-- <field name="company_id" ref="base_custom.aldowlia_company"/> -->
        </record>
        <record id="hr_salary_hos3" model="hr.salary.rule">
            <field name="name">Housing</field>
            <field name="code">HOS</field>
            <field name="category_id" ref="hr_payroll.ALW"/>
            <field name="amount_select">code</field>
            <field name="struct_id" ref="structure_aldowlia_contrect_details"/>
            <field name="sequence" eval="5"/>
            <field name="amount_python_compute">result = contract.wage * 0.144</field>
            <!-- <field name="company_id" ref="base_custom.aldowlia_company"/> -->
        </record>
        <record id="hr_salary_trans3" model="hr.salary.rule">
            <field name="name">Transportation</field>
            <field name="code">TRANS</field>
            <field name="category_id" ref="hr_payroll.ALW"/>
            <field name="amount_select">code</field>
            <field name="struct_id" ref="structure_aldowlia_contrect_details"/>
            <field name="sequence" eval="5"/>
            <field name="amount_python_compute">result = contract.wage * 0.18</field>
            <!-- <field name="company_id" ref="base_custom.aldowlia_company"/> -->
        </record>
        <record id="hr_salary_bouns3" model="hr.salary.rule">
            <field name="name">Bouns</field>
            <field name="code">BOUNS</field>
            <field name="category_id" ref="hr_payroll.ALW"/>
            <field name="amount_select">code</field>
            <field name="struct_id" ref="structure_aldowlia_contrect_details"/>
            <field name="sequence" eval="150"/>
            <field name="amount_python_compute">result = contract.bouns</field>
            <!-- <field name="company_id" ref="base_custom.aldowlia_company"/> -->
        </record>

        <!-- Ajwaa Salary Structure Rules -->
        <record id="hr_salary_basic4" model="hr.salary.rule">
            <field name="name">Basic Salary</field>
            <field name="code">BASIC</field>
            <field name="category_id" ref="hr_payroll.BASIC"/>
            <field name="amount_select">code</field>
            <field name="struct_id" ref="structure_ajwaa_contrect_details"/>
            <field name="sequence" eval="1"/>
            <field name="amount_python_compute">result = contract.wage * 0.5416</field>
            <!-- <field name="company_id" ref="base_custom.ajwaa_company"/> -->
        </record>
        <record id="hr_salary_cola4" model="hr.salary.rule">
            <field name="name">Cost Of Living</field>
            <field name="code">COLA</field>
            <field name="category_id" ref="hr_payroll.ALW"/>
            <field name="amount_select">code</field>
            <field name="struct_id" ref="structure_ajwaa_contrect_details"/>
            <field name="sequence" eval="5"/>
            <field name="amount_python_compute">result = contract.wage * 0.1344</field>
            <!-- <field name="company_id" ref="base_custom.ajwaa_company"/> -->
        </record>
        <record id="hr_salary_hos4" model="hr.salary.rule">
            <field name="name">Housing</field>
            <field name="code">HOS</field>
            <field name="category_id" ref="hr_payroll.ALW"/>
            <field name="amount_select">code</field>
            <field name="struct_id" ref="structure_ajwaa_contrect_details"/>
            <field name="sequence" eval="5"/>
            <field name="amount_python_compute">result = contract.wage * 0.144</field>
            <!-- <field name="company_id" ref="base_custom.ajwaa_company"/> -->
        </record>
        <record id="hr_salary_trans4" model="hr.salary.rule">
            <field name="name">Transportation</field>
            <field name="code">TRANS</field>
            <field name="category_id" ref="hr_payroll.ALW"/>
            <field name="amount_select">code</field>
            <field name="struct_id" ref="structure_ajwaa_contrect_details"/>
            <field name="sequence" eval="5"/>
            <field name="amount_python_compute">result = contract.wage * 0.18</field>
            <!-- <field name="company_id" ref="base_custom.ajwaa_company"/> -->
        </record>
        <record id="hr_salary_bouns4" model="hr.salary.rule">
            <field name="name">Bouns</field>
            <field name="code">BOUNS</field>
            <field name="category_id" ref="hr_payroll.ALW"/>
            <field name="amount_select">code</field>
            <field name="struct_id" ref="structure_ajwaa_contrect_details"/>
            <field name="sequence" eval="150"/>
            <field name="amount_python_compute">result = contract.bouns</field>
            <!-- <field name="company_id" ref="base_custom.ajwaa_company"/> -->
        </record>
    </data>
</odoo>